1,Trupebistor Direct ,Marc Arias,Technical,Washington,Peru
2,Trudimackentor WorldWide ,Dylan Preston,Service,Dallas,Guyana
3,Cipvenimin International ,Maureen Cherry,Service,Columbus,Swaziland
4,Rezapan  ,Kathryn Atkins,Technical,Dayton,Bermuda
5,Rebanazz International ,Bobbie Everett,Accounting,Santa Ana,Virgin Islands
6,Tuprobamicator International Inc,Shawn Cross,Service,Mobile,Niue
7,Grotanentor Holdings ,Meghan Bartlett,Service,Jersey,Brazil
8,Monquestilin Holdings ,Kelley Mays,Accessory Customer,Baltimore,Namibia
9,Trupickefazz Direct ,Randall Yu,Technical,Pittsburgh,Malawi
10,Rapnipedower  ,Marvin Kirk,Prepaid Customer,Memphis,Malvinas
11,Winwerpegax Holdings ,Gabrielle Taylor,Web,Stockton,Kyrgyzstan
12,Tipquestor Holdings ,Margaret Bray,Technical,Milwaukee,United States
13,Adhupex  ,Alice Wilkerson,Prepaid Customer,Colorado,Djibouti
14,Wintumin International ,Darrin Baldwin,Prepaid Customer,Nashville,San Marino
15,Tupsipex WorldWide Inc,Elias Calhoun,Technical,Oakland,Belgium
16,Zeesapplazz Holdings Inc,Dina Warren,Prepaid Customer,Tulsa,Australia
17,Parfropanicator  Corp.,Tomas Morris,Web,Miami,Tanzania
18,Raphupor  Company,Rochelle Cowan,Prepaid Customer,Toledo,Bhutan
19,Endjubommicator Holdings Group,Deana Craig,Service,Columbus,United States
20,Rewerin WorldWide ,Regina Simon,Prepaid Customer,Fremont,Guernsey
21,Endquestentor Holdings ,Clifton Sexton,Sales,Oakland,Madagascar
22,Varwerefantor Direct ,Bridgett Tucker,Service,Denver,Liechtenstein
23,Qwikilepistor International Company,Andres Stuart,Accounting,Jersey,Suriname
24,Haptumar Direct ,Terence Heath,Technical,Austin,Myanmar
25,Tipjubewistor  Corp.,Sidney Stokes,Accounting,Detroit,Chile
26,Survenan  ,Tabatha Patel,Technical,Kansas,Vanuatu
27,Supdimar  ,Julio Rocha,Marketing,Akron,Mayotte
28,Tupzapanor  ,Antonio Golden,Corporate Sales,Fort Wayne,Montenegro
29,Endmunin Holdings Group,Stephan Underwood,Web,Garland,Colombia
30,Dopweror  ,Angelica Manning,Accounting,Newark,Guinea-Bissau
31,Advenplover  ,Gilberto Moyer,Technical,Sacramento,Saudi Arabia
32,Parrobommantor Direct ,Erika Montoya,Marketing,Tulsa,Palau
33,Dopdudazz WorldWide Inc,Jessie Vaughan,Service,Grand Rapids,Djibouti
34,Updimanentor  ,Keri Mayer,Accounting,Dallas,Benin
35,Thrumunar  Corp.,Ernest Winters,Technical,Atlanta,Pitcairn
36,Rapcadicator Holdings Corp.,Kisha Gaines,Service,Chicago,Bahamas
37,Parwerentor  ,Annie Roman,Technical,Seattle,Anguilla
38,Barbanin  Corp.,Claude Cochran,Service,Arlington,North Korea
39,Monnipistor  ,Ruth Cummings,Prepaid Customer,Tacoma,Bhutan
40,Emquestex  Inc,Vickie Sanders,Web,Little Rock,Macedonia
41,Supweredgax WorldWide ,Jeanette Lynch,Web,Milwaukee,United Kingdom
42,Groquestopax WorldWide Company,Chris Cole,Service,Chicago,Gambia
43,Tipzapan Direct ,Sally Haley,Web,Fresno,Argentina
44,Grozapax  Group,Jeanette Preston,Accounting,Nashville,Guinea-Bissau
45,Winsipazz WorldWide ,Myra Le,Technical,Columbus,Pakistan
46,Doptumegin International Group,Jocelyn Dodson,Accounting,Richmond,New Caledonia
47,Moncadex Direct Group,Colleen Le,Service,Wichita,Swaziland
48,Adquestamor International Group,Judith Hoover,Service,Norfolk,New Caledonia
49,Rapvenupin Direct ,Aisha Bowen,Sales,Tampa,Nicaragua
50,Trududicator WorldWide Corp.,Kate Peck,Accounting,Las Vegas,San Marino
51,Pardimover  ,Janelle Swanson,Prepaid Customer,St. Petersburg,Saudi Arabia
52,Adfropackar International ,Toni Herman,Accounting,Norfolk,Bahrain
53,Rebanower  ,Bobby Mays,Prepaid Customer,Pittsburgh,Botswana
54,Grobanin Direct Group,Gilberto Mills,Technical,Tacoma,Cameroon
55,Inglibex  Corp.,Terrell Pierce,Sales,Garland,Belize
56,Cipdimin WorldWide Company,Ramon Costa,Prepaid Customer,Columbus,Côte d'Ivoire
57,Monwerover  Inc,Jean Lin,Prepaid Customer,Oakland,Macedonia
58,Suptumover International ,Travis Arroyo,Web,Greensboro,Dominica
59,Parpickan WorldWide ,Oliver Estes,Accounting,Grand Rapids,United States
60,Vareran Direct ,Judith Bonilla,Web,Seattle,American Samoa
61,Emmunower International Inc,Karen Lucas,Corporate Sales,Phoenix,Belize
62,Tiptinax  Group,Gavin Bush,Service,Anchorage,Madagascar
63,Dopglibegistor  Company,Walter Allison,Prepaid Customer,El Paso,Jersey
64,Hapkilazz WorldWide Company,Donnell Kent,Prepaid Customer,Yonkers,Cape Verde
65,Zeejubopar Direct ,Victoria Baxter,Accounting,Shreveport,San Marino
66,Dopsapadover  ,Lora Melendez,Prepaid Customer,Kansas,Senegal
67,Truvenamower Direct ,Devon Solis,Accounting,Tucson,Pitcairn
68,Adtumommor  ,Charlie Hayes,Service,Miami,Brazil
69,Rapquestanor  ,Bart Robertson,Technical,Greensboro,Austria
70,Intumilantor International ,Alyssa Garner,Service,Virginia Beach,Angola
71,Untumor  ,Kurt Vaughn,National Customer,Cleveland,Andorra
72,Tupsapepan Holdings ,Karin Rose,Service,Fresno,Cyprus
73,Varkilexar WorldWide ,Eddie Case,Accounting,Colorado,Zimbabwe
74,Monnipexentor Direct ,Bryan Frey,Technical,Bakersfield,Israel
75,Injubackentor Direct ,Sherrie Leon,Technical,Des Moines,Isle of Man
76,Supnipopex WorldWide ,Ashley Yu,Accounting,Virginia Beach,Denmark
77,Dopmunentor Holdings Company,Elaine Osborne,Web,Mobile,Kiribati
78,Adjubex WorldWide ,Cara Golden,Accounting,Tulsa,Lebanon
79,Monfropimor WorldWide Company,Carey Calderon,Web,Baltimore,Ukraine
80,Redudackazz  Inc,Mia Hogan,Customer,Portland,Macedonia
81,Lomkilar Direct Inc,Chrystal Terry,Accounting,Des Moines,Belize
82,Cipdimazz International ,Christina Proctor,Accounting,Dallas,Tuvalu
83,Hapdimadax International ,Clarissa Frederick,Accounting,Minneapolis,Uruguay
84,Rezapazz International ,Adrian Moon,Corporate Customer,Denver,Indonesia
85,Reglibaquor Direct Corp.,Irma Randolph,Sales,Garland,Monaco
86,Adnipinicator Holdings ,Julia Pace,Technical,Mobile,Peru
87,Parpickazz Direct Group,Lorraine Mcpherson,Accounting,Chicago,Mauritius
88,Partuminex Holdings Corp.,Edgar Thomas,Sales,Greensboro,Bangladesh
89,Rebanupicator WorldWide ,Harvey Banks,Accounting,Memphis,Afghanistan
90,Winjubonicator  ,Grace Tran,Accounting,Honolulu,Luxembourg
91,Uppebantor WorldWide ,Maggie Moreno,Web,Norfolk,Malvinas
92,Varbanewantor  Company,Stephan Lester,National Sales,Long Beach,Sierra Leone
93,Emtanamin International ,Bobby Church,Customer,Columbus,Puerto Rico
94,Surquesticator International ,Luke Greer,Service,Baton Rouge,Belgium
95,Lommunonax Holdings Company,Jason Cochran,Technical,Lubbock,Isle of Man
96,Winwerican Direct ,Jess Huynh,Service,Fresno,Iran
97,Qwiwerentor WorldWide ,Lester Poole,Service,Des Moines,Swaziland
98,Thrurobover Direct ,Kristi De Leon,Web,Norfolk,Tajikistan
99,Tiphupanor  ,Celeste Knight,Web,Fresno,Monaco
100,Zeesapantor International Group,Gregory Carter,Prepaid Customer,Hialeah,Togo
101,Winwerpommower Direct Company,Mandy Benton,Technical,Minneapolis,Uganda
102,Endtumin Holdings Company,Vivian Stephenson,Customer,San Diego,Puerto Rico
103,Klidimex International Company,Sarah Weeks,Technical,Stockton,Moldova
104,Frorobar Holdings Corp.,Francisco Simpson,Web,Washington,Nauru
105,Winnipantor Holdings Group,Ethan Saunders,Accounting,Sacramento,Russia
106,Cipfropan WorldWide ,Deborah Liu,Accounting,Washington,Mauritania
107,Winbanentor WorldWide Inc,Samantha Collier,Accounting,Dallas,Bahrain
108,Trusapower International Inc,Warren Owen,Accounting,Tulsa,Paraguay
109,Adpebplar International ,Diana Walters,Service,Jacksonville,Puerto Rico
110,Lomsapan Direct Inc,Jorge Nicholson,Marketing,Mesa,Taiwan
111,Uptumollower WorldWide ,Eugene Wolfe,Technical,San Francisco,Réunion
112,Barsapamistor WorldWide ,Felix Mercer,Accounting,Bakersfield,Antarctica
113,Thrutanewor  Inc,Cary Hurst,Accounting,Shreveport,Gabon
114,Unquestex International Company,Erich Stanley,Web,Santa Ana,Isle of Man
115,Surbanistor WorldWide Group,Sandra Hutchinson,Accessory Marketing,Sacramento,Turkey
116,Klimunackar WorldWide Corp.,Daniel Huerta,Prepaid Customer,New York,China
117,Tupglibicicator Holdings Inc,Elisabeth Bowers,Web,Austin,Micronesia
118,Frozapommin Holdings Corp.,Traci Snyder,Service,Bakersfield,Argentina
119,Grodimantor Direct ,Russell Bond,Prepaid Customer,Tacoma,Mexico
120,Fromunaquin  ,Aimee Becker,Service,Fort Wayne,Bahamas
121,Growerpedgover Direct Company,Hannah Bryan,Accounting,Fort Worth,Cyprus
122,Uncadepex International Corp.,Sheila Foley,Prepaid Customer,Cincinnati,Nepal
123,Tupkilegazz  ,Lonnie Carson,Web,Fort Worth,Botswana
124,Lomeredgantor WorldWide Corp.,Caroline Sosa,Service,Honolulu,Malta
125,Grotinantor Direct ,Cheri Austin,Technical,Stockton,Latvia
126,Enddimamantor Direct ,Shaun Russell,Corporate Marketing,Garland,Denmark
127,Windudantor  Company,Joy Lane,International Sales,Kansas,Lesotho
128,Dopwerpan Holdings Company,Katherine Singleton,Corporate Marketing,Madison,Tonga
129,Barericator  ,Cari Conley,Business Marketing,San Antonio,Afghanistan
130,Frosapentor Holdings ,Jeffery Sandoval,Web,Tucson,Albania
131,Parnipentor  Inc,Guadalupe Gaines,Service,Newark,Guinea-Bissau
132,Barmunin Direct ,Cameron Woodard,Marketing,Columbus,Micronesia
133,Supsipedower  Corp.,Daryl Hoover,Accounting,Little Rock,Timor-Leste
134,Thruhuponazz Holdings ,Janice Pittman,Web,Denver,Anguilla
135,Barzapower Holdings ,Billie Mann,Accessory Customer,Greensboro,Mongolia
136,Unzapicator  Group,Eddie Norman,Technical,Stockton,Guinea-Bissau
137,Truwericator  Inc,Whitney Briggs,Technical,St. Louis,Grenada
138,Endnipover  ,Tom Davenport,Accounting,New Orleans,Gibraltar
139,Emtumamicator WorldWide Corp.,Benjamin Butler,National Customer,Yonkers,Nicaragua
140,Endcadadicator Holdings ,Rhonda Bailey,Prepaid Customer,Aurora,Angola
141,Thruglibin Holdings ,Darcy Wilkins,Service,Akron,Nauru
142,Tupzapentor WorldWide ,Darrick Whitney,Service,Anaheim,Switzerland
143,Dopjubeficator  ,Gina Copeland,Service,Baton Rouge,Guam
144,Qwivenilex International Company,Colleen Mc Daniel,Web,Corpus Christi,Brazil
145,Tiptumanantor Direct Inc,Patrick Preston,Business Sales,Portland,San Marino
146,Parsipollazz Direct ,Myron Barnes,Technical,St. Petersburg,Luxembourg
147,Lombanicax  Company,Michael Hines,Service,Colorado,Libya
148,Endmunilicator Direct Group,Teddy Gibson,Web,Las Vegas,Georgia
149,Inbanazz  ,Christine Aguirre,Business Customer,Long Beach,Colombia
150,Varkilicator WorldWide ,Bobbi Yates,Service,Montgomery,Eire
151,Surpebollazz International Group,Harold Medina,Service,Boston,South Korea
152,Qwimunommin Holdings Corp.,Jeremy Villanueva,Web,Yonkers,Slovenia
153,Suppebentor Holdings ,Lance Whitney,Corporate Customer,Jersey,Gambia
154,Monmunedor  ,Chandra Dodson,Prepaid Customer,Omaha,Macedonia
155,Klisipor Direct ,Ramon Blair,Prepaid Customer,Newark,Pakistan
156,Barwerpistor Direct Corp.,Luz Evans,International Sales,Fremont,French Guiana
157,Cipfropover WorldWide Corp.,Derick Cooke,Accounting,Shreveport,Morocco
158,Inkilamover WorldWide Corp.,Tracy Avery,Service,Portland,Argentina
159,Redudopentor Direct Group,Neil Baker,Marketing,Honolulu,Cameroon
160,Endpickor WorldWide ,Sonya Richards,Service,Buffalo,Madagascar
161,Klivenamax Holdings ,Sonia Cantu,Technical,Lubbock,Bahrain
162,Unpebistor Direct ,Freddie Vincent,Web,Nashville,Chile
163,Qwifropewicator International ,Tara Barr,International Customer,Tucson,Panama
164,Emdimex Direct ,Mandy Wallace,Accounting,Madison,Portugal
165,Upjubommax WorldWide ,Kent Wall,Web,Bakersfield,Lithuania
166,Qwiwerplistor  ,Johnnie Shields,Prepaid Customer,Fremont,Canada
167,Winsapower WorldWide Company,Erick Hubbard,Prepaid Customer,Los Angeles,Burundi
168,Lomwerentor Holdings Group,Leon Mcintosh,Marketing,Buffalo,Estonia
169,Haptanan International Company,Elijah Nicholson,Prepaid Customer,Corpus Christi,South Georgia
170,Dopquestax Holdings Company,Joanne Jennings,Service,Rochester,Malvinas
171,Doppickantor Direct ,Carl Calhoun,Prepaid Customer,St. Petersburg,South Korea
172,Supnipentor Direct ,Kerri Burns,Prepaid Customer,Houston,El Salvador
173,Wintumexicator Holdings ,Pablo Rollins,Prepaid Customer,Baltimore,Hungary
174,Invenilantor WorldWide ,Irma Holloway,Accounting,Cleveland,Malta
175,Klipickover  Group,Misty Jordan,Service,Austin,Japan
176,Tipcadackower International Group,Miriam Nicholson,Technical,Jersey,Guam
177,Hapcadower International ,Lakeisha Vincent,Technical,Aurora,France
178,Winzapopar Holdings ,Ismael Cline,International Sales,Las Vegas,Zambia
179,Repebin Direct Corp.,Abraham Huerta,Web,San Francisco,San Marino
180,Varsipar International ,Juan Stephenson,Accounting,Dallas,Vatican City
181,Tupkilistor Holdings ,Alisha Cannon,Technical,Atlanta,Portugal
182,Supcadax Direct ,Elisa Kaiser,Service,Jersey,Comoros
183,Lommunin  ,Pedro Dougherty,Accounting,Buffalo,Puerto Rico
184,Unsipax Direct ,Morgan Hudson,Accounting,Cleveland,Rwanda
185,Emglibamex Direct Corp.,Myra Whitaker,Technical,Indianapolis,China
186,Unerplex  Inc,Dion Branch,Technical,Aurora,Malvinas
187,Haptumazz International Corp.,Damon Gibson,Web,Omaha,Falklands
188,Frojubistor  ,Shelby Weaver,Web,Miami,Guyana
189,Unquestackicator Holdings ,Shawn Stanton,Service,Anchorage,Guam
190,Adsapaquower  ,Simon Garner,International Marketing,Garland,Gabon
191,Endsapamover WorldWide Group,Maurice Daniel,Prepaid Customer,Fremont,Saint Helena
192,Varhupor  ,Carl French,Technical,Philadelphia,Gabon
193,Zeenipamicator  ,Marcy Waters,International Sales,Mobile,Chile
194,Endpickedistor Direct Company,Rosemary Khan,Prepaid Customer,St. Louis,Brazil
195,Tupsipopover  Company,Allan Martin,Web,Yonkers,Uzbekistan
196,Winjubax  ,Roberto Garcia,Technical,Miami,Kenya
197,Klidimackex International ,Eric Sosa,Technical,Denver,China
198,Surtanollentor WorldWide ,Ross Anthony,Web,Glendale,Myanmar
199,Groquestanin  Group,Jeanette Everett,Technical,Jersey,Myanmar
200,Emvenentor  ,Caroline Manning,Prepaid Customer,Tucson,Mozambique
201,Groquestantor Direct ,Ginger Mccoy,Web,Corpus Christi,Guyana
202,Parerimicator International ,Annette Morrow,Prepaid Customer,Philadelphia,Dominica
203,Emdimewor  ,Milton Mc Dowell,Technical Marketing,Arlington,Latvia
204,Tuppickover  ,Yolanda Joyce,Technical,Corpus Christi,Namibia
205,Truzapar International ,Alana Hardy,Service,Boston,Iraq
206,Emsapopin Holdings Corp.,Rusty Chapman,Prepaid Customer,Milwaukee,Mexico
207,Haptumexentor  ,Terrence Joyce,Accounting,Baton Rouge,Israel
208,Thrucadepan Direct Group,Alan Delacruz,Accounting,Cincinnati,Saint Helena
209,Grocadefantor Holdings ,Wade Frederick,Technical,El Paso,Barbados
210,Parpickistor International ,Samantha Zavala,Accounting,Dayton,Grenada
211,Unbanimentor Direct Group,Chanda Graham,Technical,Nashville,Afghanistan
212,Parglibex Direct ,Douglas Wolfe,Accounting,San Francisco,Mozambique
213,Surquesticator Holdings Group,Travis Mullen,Prepaid Customer,Columbus,Ethiopia
214,Frosipepentor  ,Cynthia Mc Dowell,Service,Virginia Beach,Congo
215,Pardudaquower WorldWide ,Christie Hensley,Service,Jacksonville,Sierra Leone
216,Endglibopax WorldWide ,Luke Arnold,Web,Boston,Timor-Leste
217,Thruvenewar  ,Harvey Kaiser,Web,Raleigh,Japan
218,Zeetumicator International ,Ericka Martin,Service,San Jose,United States
219,Ciptanamor Holdings ,Dante Gibbs,Technical,Anchorage,Malvinas
220,Zeesapewistor Holdings ,Esteban Rios,Accessory Marketing,Nashville,Uzbekistan
221,Intumanower International Inc,Faith Mathews,Technical,Toledo,Tajikistan
222,Tipmunackicator  Company,Rene Shaffer,Web,Tampa,Samoa
223,Klimunantor Holdings Corp.,Dora Farmer,Prepaid Customer,Lincoln,Turkey
224,Klinipewex  ,Tomas Lawson,Service,Stockton,Madagascar
225,Thruglibazz  ,Andrew O'Neal,Accounting,Anchorage,Seychelles
226,Unwerackantor Holdings ,Jesus Hurst,Prepaid Customer,Arlington,Malaysia
227,Dopwerpackar Holdings Company,Jessie Bentley,National Sales,New Orleans,Barbados
228,Frodudepan Holdings ,Stacy Bell,Prepaid Customer,Jackson,Eritrea
229,Unpickegistor  ,Heath Farley,Service,Albuquerque,Mongolia
230,Tupquestinar Direct Corp.,Andres Robbins,Service,Lincoln,Virgin Islands
231,Trurobistor Holdings Company,Amber Bowen,Marketing,Sacramento,Colombia
232,Klimunilex Direct ,Lydia Frederick,Accounting,Lincoln,North Korea
233,Thrutumazz  Company,Betty Saunders,Accounting,Little Rock,Haiti
234,Hapmunican Direct Group,Darius Wyatt,Service,Lincoln,Canada
235,Barglibicator Direct ,Teresa Barber,Technical,Tulsa,Mongolia
236,Parzapefover Direct Inc,Dennis Mcgrath,Technical,Long Beach,Liberia
237,Adcadilan  ,Shauna Hardin,Web,Jersey,Paraguay
238,Trududamover  ,Lamont Gilmore,Service,Hialeah,Benin
239,Dopweror  Inc,Darrin Dunlap,Customer,Chicago,Grenada
240,Tupwerpin  Company,Trent Gibbs,Technical,Little Rock,Montenegro
241,Surcadanower Direct ,Lakisha Carey,Service,Arlington,Brazil
242,Unzapex International ,William Harrison,Accounting,Chicago,Macao
243,Endnipor  ,Sidney Carney,Web,Nashville,France
244,Klimunadistor WorldWide ,Scot Padilla,Service,Lincoln,Albania
245,Endrobistor Direct Corp.,Claudia Black,Service,St. Petersburg,Gabon
246,Rapsapepor International ,Franklin Thornton,Prepaid Customer,Yonkers,Burundi
247,Happickegar Direct Inc,Eileen Ali,Accessory Customer,Dayton,Angola
248,Emnipewover  ,Kris Cook,Service,Minneapolis,Western Sahara
249,Trurobicator  Corp.,Catherine Bowers,Service,Washington,Greece
250,Tuppickanover Direct Corp.,Jennifer Duke,Business Customer,Corpus Christi,Australia
251,Lombanistor WorldWide Company,Guadalupe Acevedo,Technical,Akron,Andorra
252,Tupdimistor International ,Rodney Foster,Web,Columbus,Denmark
253,Frowerpistor Direct ,Stefanie Lawrence,Consumer Customer,El Paso,Bahamas
254,Doptinentor International ,Paige Harris,Technical,Tulsa,Nigeria
255,Tipsapefax WorldWide ,Allen Hartman,Accounting,Grand Rapids,Puerto Rico
256,Hapvenex International ,Raymond Chavez,Web,Phoenix,Montenegro
257,Empickommax  Company,Kristy Wagner,Accounting,Cleveland,Germany
258,Frocadar Direct ,John Jennings,Service,Denver,Uzbekistan
259,Zeeerinover International ,Jarrod Martinez,Technical,Tacoma,South Georgia
260,Ciptinedover WorldWide Group,Gary Nolan,Prepaid Customer,Louisville,Tajikistan
261,Trufropower Holdings ,Thomas Barrera,Prepaid Customer,Spokane,Lesotho
262,Supmunewax WorldWide ,Steven Bass,Accounting,Little Rock,Chile
263,Rapjubaquower Holdings ,Justin Price,Service,Detroit,Cape Verde
264,Froquestefower Holdings Corp.,Charity Blackwell,Service,Pittsburgh,Benin
265,Trududefover  Company,Sonny Barton,Prepaid Customer,Fresno,Canada
266,Rebanexower  ,Larry Quinn,Prepaid Customer,Tulsa,Greenland
267,Klihupamistor WorldWide Group,Jay Duarte,Service,Memphis,Ecuador
268,Endzapover International Group,Penny Callahan,Corporate Customer,St. Louis,Bermuda
269,Thruquestistor Holdings Corp.,Francisco Henderson,Technical,Tacoma,Mongolia
270,Lomkilonin WorldWide ,Allan Lynch,Prepaid Customer,Grand Rapids,Georgia
271,Winrobover Holdings ,Norman Gross,Technical,Wichita,Costa Rica
272,Uptanonex WorldWide Group,Dina Hardy,Prepaid Customer,Garland,Grenada
273,Upfropinover  Company,Keith Zhang,Accounting,Dallas,Montserrat
274,Kliquestazz  Corp.,Rogelio Kline,Accounting,Stockton,Uzbekistan
275,Varvenilin Direct ,Spencer Ortiz,Prepaid Customer,Nashville,South Georgia
276,Dopdudan  ,Lewis De Leon,Web,Miami,Guinea-Bissau
277,Klizapanazz International Corp.,Benjamin Gonzales,Prepaid Customer,Kansas,Lebanon
278,Bardudan  Inc,Janelle Suarez,Technical,New York,Trinidad
279,Lomtanar Holdings ,Charlene Benitez,Consumer Customer,Dallas,Djibouti
280,Barglibex  Company,Ty Boyd,Web,Montgomery,Nicaragua
281,Resapexower  ,Krystal Conner,Service,Baton Rouge,Lithuania
282,Hapbanazz Direct ,Luke Huber,Service,Madison,Benin
283,Winhupanan  Group,Colin Dougherty,Technical,Louisville,Uganda
284,Surtinanin Direct Corp.,Ruth Waller,Prepaid Customer,Stockton,Malaysia
285,Embanedantor  Corp.,Elton Leonard,Prepaid Customer,San Jose,Vanuatu
286,Varsipamar Holdings Inc,Vickie Hughes,Prepaid Customer,Denver,Uruguay
287,Unpickefazz Holdings ,Stacy Jenkins,Web,Anaheim,Montenegro
288,Adbanower Direct ,Judy Harrell,Accounting,Wichita,Philippines
289,Qwipebentor Direct ,Barry Simon,Accounting,Fremont,Italy
290,Tippickepentor International ,Roland Dominguez,Prepaid Customer,St. Louis,Zambia
291,Thruhupentor Direct Inc,Jerome Figueroa,Sales,Phoenix,Colombia
292,Klicadupover  ,Brian Mendez,Accounting,Minneapolis,Romania
293,Intumopin WorldWide ,Christine Browning,Prepaid Customer,Garland,Falklands
294,Thrududefover  ,Tammy Rasmussen,Prepaid Customer,Honolulu,Kazakhstan
295,Hapnipentor International ,Maureen Barton,Service,Chicago,Bermuda
296,Remuninistor  ,Ismael Wood,Technical,Houston,Vanuatu
297,Tupsipar Holdings ,Herbert Orr,Service,Bakersfield,Guatemala
298,Unnipadex  ,Stuart Mc Carthy,Service,Yonkers,Congo
299,Frotanegin  ,Antonio Daniels,Prepaid Customer,Tucson,Sudan
300,Injubepentor  Inc,Ebony Hayes,Accounting,Cleveland,Vatican City
301,Frotumentor International Company,Bonnie Serrano,Accounting,St. Petersburg,Togo
302,Rapcadar  Inc,Lorena Pitts,Web,Colorado,Turkey
303,Addimaquex International ,Tricia Cantu,Prepaid Customer,Fresno,Hong Kong
304,Klimunan Holdings ,Angela Green,Web,Atlanta,Andorra
305,Grofropimicator  ,Teri Pena,Business Customer,San Francisco,Sweden
306,Adrobinentor WorldWide Corp.,Charles Clay,Web,Lincoln,Oman
307,Thruwerex Direct ,Karen Waters,Service,Phoenix,Myanmar
308,Groeredar  ,Tanya Solomon,Technical,Fresno,Bhutan
309,Unwerupax Direct ,Ronda Townsend,Accounting,Memphis,South Korea
310,Supsapanan  ,Mindy Wilcox,Prepaid Customer,Virginia Beach,Guinea-Bissau
311,Supzapplex Holdings ,Robyn Watkins,Web,Jackson,Bolivia
312,Thruquestower Holdings ,Kristen Farrell,Technical,El Paso,India
313,Sursipan Direct ,Ronda Willis,Service,Memphis,Portugal
314,Truwerinor  Inc,Bryce Molina,Prepaid Customer,Phoenix,Colombia
315,Monfropollar  Inc,Shelia Roth,Accounting,Hialeah,Guyana
316,Grotinedgan Direct Inc,Heath Lloyd,Technical,San Jose,Hong Kong
317,Surpickopantor International ,Bruce Solis,Prepaid Customer,Virginia Beach,Dominica
318,Barkilazz  Group,Sherri Powell,Prepaid Customer,Tucson,Nauru
319,Grovenax  Company,Caroline Myers,Technical,Oklahoma,Burundi
320,Varwerin  ,Derek Pennington,Accounting,Seattle,Cuba
321,Winrobamax  ,Byron Matthews,Prepaid Customer,Grand Rapids,Puerto Rico
322,Rehupefar International ,Drew Galvan,Prepaid Customer,St. Petersburg,Madagascar
323,Gronipican Holdings ,Irma Hayden,Accounting,Atlanta,Norway
324,Doppebentor  ,Alberto Friedman,Technical,Birmingham,Montserrat
325,Hapquestegin International ,Annette O'Connor,Technical,Stockton,Brazil
326,Thruhupollax Holdings Company,Marlon Soto,Customer,San Antonio,Jordan
327,Uphupexax Holdings ,Marvin Calderon,Web,Arlington,Austria
328,Cipwerackover Direct Corp.,Whitney Shields,Accounting,Norfolk,Cambodia
329,Surfropefover WorldWide ,Terrance Torres,Technical,Akron,Sudan
330,Qwiquestommin  Corp.,Kara Mathis,Corporate Sales,Seattle,Switzerland
331,Infropackin  ,Cassie Mcpherson,Web,Buffalo,Algeria
332,Cipcadicator Direct Group,Wayne Nolan,Prepaid Customer,Miami,Gabon
333,Untanar  ,Jordan Lloyd,Prepaid Customer,Rochester,Azerbaijan
334,Emdimilistor  ,Erich Lynn,Service,Hialeah,Estonia
335,Grovenopazz  Company,Shelley Saunders,Prepaid Customer,Boston,Russia
336,Surnipicator Direct Corp.,Jill Wilkerson,Service,Memphis,Monaco
337,Vardudefin Holdings ,Alissa Lamb,Technical,St. Louis,Poland
338,Emjubentor  ,Frankie Page,Prepaid Customer,El Paso,Trinidad
339,Suprobonor Direct ,Terrell Campbell,Technical,Anaheim,Norway
340,Thruwerpax Holdings ,Lloyd Rivers,Accounting,Portland,Falklands
341,Thruwerpan  Group,Cecil Proctor,Accounting,Milwaukee,Greece
342,Barwerefan  Company,Pablo Rosales,Accounting,Baltimore,Lebanon
343,Endvenin Direct ,Telly Beasley,Customer,Tucson,Tajikistan
344,Supnipover Direct ,Shelly Buck,Technical,Birmingham,Azerbaijan
345,Endrobepower Holdings ,Edward Rosario,Prepaid Customer,Tampa,Taiwan
346,Thrunipinin WorldWide ,Deana Prince,Web,Montgomery,Saudi Arabia
347,Parkilover Direct ,Shelby Blevins,Corporate Sales,New Orleans,Andorra
348,Inmunover Holdings ,Chester Yates,Accessory Customer,Madison,Belize
349,Ciprobower International ,Charlie Odom,Technical,Louisville,Barbados
350,Enddudazz WorldWide ,Lakisha Ewing,Service,Glendale,Portugal
351,Refropommentor Direct ,Charlotte Hanna,Technical,Rochester,Portugal
352,Vartinepar Holdings ,Iris Moon,Prepaid Customer,Norfolk,Portugal
353,Wintanover Direct Corp.,Staci Davila,Technical,Tampa,Argentina
354,Qwijubax Direct ,Sophia Luna,Business Customer,Indianapolis,Netherlands
355,Pareraquazz International ,Geoffrey Tran,Technical,Oakland,Dominica
356,Upquesticator Direct Corp.,Darius Dyer,Accounting,New York,Haiti
357,Qwihupollantor Holdings Corp.,Chasity Garcia,Web,Memphis,Ecuador
358,Zeezapax Direct ,Johnathan Simmons,Prepaid Customer,Lubbock,Senegal
359,Qwijubadower International Corp.,Jeannie De Leon,Service,Norfolk,Timor-Leste
360,Zeewerpepex Direct ,Bryce Stephenson,Technical,Houston,Iran
361,Raptinax Direct ,Marvin Wiley,Sales,Madison,Namibia
362,Rekilex International ,Alfonso Patterson,Web,Cincinnati,Kuwait
363,Doptanax  ,Charlene Lucas,Accounting,Shreveport,Ethiopia
364,Fropickower  ,Doris Mason,Web,Fremont,Vatican City
365,Lomnipepex Holdings Inc,Nakia Mc Dowell,Web,Lubbock,Guatemala
366,Inerax WorldWide ,Joshua Trevino,Prepaid Customer,Long Beach,Somalia
367,Trusipover Direct Group,Javier Rice,Customer,Tampa,Grenada
368,Hapjubupar  ,Luis Phelps,Prepaid Customer,Tucson,Kiribati
369,Dopnipewax  ,Joyce Bauer,Service,Dayton,Italy
370,Lomcadackar WorldWide Inc,Jarrod Martinez,Technical,Rochester,Senegal
371,Unsipax Direct ,Kirk Watkins,Corporate Sales,Shreveport,Nigeria
372,Surwerpax Holdings ,Jody Weeks,Prepaid Customer,Jacksonville,Greece
373,Growerpax  ,Mandi Villanueva,Sales,Baton Rouge,Uruguay
374,Emcadedax  ,Kristie Hawkins,Technical,Arlington,Syria
375,Tuprobollover Holdings ,Melisa Rich,Accounting,Houston,Tajikistan
376,Endtumistor  ,Christie Hurst,Accounting,Akron,Eire
377,Haptanex International ,Claude Middleton,Service,Long Beach,New Zealand
378,Moneredgax Direct ,Gene Arroyo,Technical,Richmond,Mozambique
379,Barpickilantor WorldWide Inc,Tammie Noble,Web,San Diego,Portugal
380,Barerar  ,Todd Castillo,Service,Lubbock,Guam
381,Zeekilantor  Company,Cara Jordan,Technical,Hialeah,Italy
382,Doptinantor WorldWide Inc,Rusty Sellers,Service,Milwaukee,Vanuatu
383,Emsapimistor WorldWide ,Vicki Mejia,Web,Philadelphia,Azerbaijan
384,Emglibex  Inc,Lakeisha Sloan,Marketing,Des Moines,Botswana
385,Trudiminentor Holdings Company,Joann Brock,Prepaid Customer,Mesa,Burundi
386,Mondimonex Direct ,Courtney Elliott,Technical,Lubbock,France
387,Haptinistor Holdings Group,Maurice Dorsey,Web,Garland,Eritrea
388,Surtumonin International ,Leah Ware,Technical,Colorado,Israel
389,Lomdimollicator  ,Andrea Kennedy,Prepaid Customer,Cincinnati,Angola
390,Barquestantor  ,Peter Marquez,Service,Boston,Haiti
391,Parnipantor  Corp.,Charlotte Santos,Web,Arlington,Guam
392,Klidimin  Corp.,Shaun Butler,Service,Fresno,United Kingdom
393,Undudistor  ,Gail Salinas,Accounting,Anaheim,Algeria
394,Thrutumentor Direct ,Kisha Meza,Technical,Newark,Estonia
395,Surtinonan  ,Gloria Bass,Prepaid Customer,Omaha,New Zealand
396,Grotanistor  ,Nicholas Williamson,Service,Aurora,Swaziland
397,Trutanor  ,Marshall Torres,Accounting,Charlotte,Cyprus
398,Dopvenower International ,Susana Cohen,Sales,Atlanta,Tunisia
399,Frozapazz Holdings Corp.,Colleen Skinner,Accounting,Baton Rouge,Philippines
400,Barkilin International ,Raul Dawson,Consumer Marketing,Cleveland,Australia
401,Remunex Direct Corp.,Derick Phillips,Marketing,Kansas,Jersey
402,Barcadimicator WorldWide ,Marcos Hanson,Service,Glendale,Martinique
403,Ciptumentor  Company,Terri Garrison,Accounting,Spokane,North Korea
404,Thrujubonan  Group,Brock Webster,Corporate Sales,Columbus,Gabon
405,Endfropax  ,Joanne Goodman,Accounting,Jacksonville,Austria
406,Cipfropexistor Holdings ,Connie Krueger,Accounting,Santa Ana,India
407,Zeequestefan International ,Enrique Barker,Web,Garland,San Marino
408,Surpickicator Direct Group,Lorena Patel,Prepaid Customer,Tampa,Chile
409,Lomjubewan International ,Anita Cardenas,Web,Phoenix,Saint Helena
410,Klidimar WorldWide Corp.,Deanna Shaffer,Consumer Customer,Jersey,Yemen
411,Monkilonantor Holdings ,Joel Jacobs,Sales,Jersey,Portugal
412,Truvenamazz  ,Floyd Nguyen,Service,Minneapolis,Namibia
413,Surmunentor International ,Bradford Bautista,Customer,Madison,Australia
414,Dopjubistor Holdings Corp.,Stacie Carlson,Accessory Sales,Raleigh,Malta
415,Surbanamantor  ,Adriana Bray,Web,Washington,Western Sahara
416,Kliwerpommentor Direct ,Maureen Rangel,Prepaid Customer,Corpus Christi,Niue
417,Monnipover Holdings ,Roman Bird,Web,Sacramento,Indonesia
418,Retumilex  ,Martin Tate,Technical Customer,Bakersfield,Cambodia
419,Tipvenor Direct Group,Shawna Vasquez,Service,Tulsa,South Africa
420,Trurobex  Group,Rodney Munoz,Business Customer,Arlington,Austria
421,Zeezapantor Holdings ,Charlene Hernandez,Web,Sacramento,Mauritania
422,Inhupepistor Holdings ,Nicolas Preston,Accounting,New York,Trinidad
423,Uprobefazz WorldWide Company,Lori Rocha,Prepaid Customer,Greensboro,Jamaica
424,Thrutanar WorldWide Inc,Lora French,Prepaid Customer,Anchorage,Aruba
425,Admunar WorldWide Group,Lashonda Dennis,Service,Rochester,Jamaica
426,Untumower Direct ,Ronnie Bell,Prepaid Customer,Oklahoma,Portugal
427,Tipsapepar  Company,Cassandra Walters,Corporate Marketing,Colorado,Germany
428,Tiprobinax WorldWide Inc,Alvin Garner,Consumer Sales,Milwaukee,Pakistan
429,Emdudepantor  Inc,Jaime Hess,Service,Wichita,Czech Republic
430,Upglibar International ,Celeste Hull,Technical Marketing,Long Beach,Andorra
431,Recadefentor International ,Nicole Hudson,Corporate Marketing,Atlanta,Anguilla
432,Tipsapicator  ,Joe Wyatt,Technical,Bakersfield,Qatar
433,Dopzapan Holdings Company,Darnell Mora,International Customer,Chicago,Togo
434,Emfropedax Direct Inc,Kendra Holloway,Accounting,Madison,Niue
435,Rehupedistor  Corp.,Alexandra Ray,National Marketing,Newark,Tonga
436,Parvenepex  Inc,Darla Hood,Accounting,Tacoma,Syria
437,Uppickan  ,Felipe Clay,Technical,New Orleans,France
438,Hapnipefantor  Corp.,Yesenia Johnson,Web,Baltimore,Samoa
439,Hapglibax Direct ,John Ewing,Technical,Corpus Christi,Austria
440,Supkilimazz WorldWide ,Jodi Wagner,Web,Los Angeles,Romania
441,Parquestegantor  Inc,Jeanine Madden,Service,Fremont,Macao
442,Enderax Holdings Inc,Bobbi Dunlap,Service,Charlotte,Belarus
443,Doppickaquantor  ,Ross Davis,Prepaid Customer,Miami,Niue
444,Barpebadantor Holdings Inc,Cody Fisher,Prepaid Customer,Shreveport,Argentina
445,Fromunollar Holdings ,Shelly Fleming,Web,Wichita,New Zealand
446,Grofropor International Corp.,Jason Pierce,Technical,St. Paul,Poland
447,Zeenipplicator Direct Group,Nikki Weeks,Web,St. Petersburg,Tajikistan
448,Trucadan Direct ,Cassie Huber,Accounting,Hialeah,Kiribati
449,Winwerefex Direct ,Diane Hurst,Prepaid Customer,Virginia Beach,Finland
450,Winpickackan Holdings Group,Anna Stanley,Service,Grand Rapids,Western Sahara
451,Winrobamin Direct ,Jean Vargas,Service,Kansas,Kazakhstan
452,Varerar Direct ,Kendrick Hansen,Service,Albuquerque,Azerbaijan
453,Survenegor Direct ,Billy Roberts,Accounting,Spokane,Belgium
454,Barglibex Direct ,Quentin Ferrell,Prepaid Customer,Baton Rouge,New Zealand
455,Qwirobaman WorldWide Group,Matt Lyons,Customer,Lincoln,Liberia
456,Tipsapedgar  Corp.,Tiffany Wolf,Service,Portland,Malawi
457,Truvenimar Holdings Inc,Margaret Hudson,Web,Chicago,Botswana
458,Endmunicator Direct ,Evan Rios,Accounting,Cleveland,Myanmar
459,Klifropentor  ,Simon Stevenson,Service,Nashville,Sweden
460,Renipedex Direct Company,Gerardo Schwartz,Technical,Hialeah,Grenada
461,Surerax International Group,Carol Harmon,Prepaid Customer,Fremont,Barbados
462,Unjubower Direct ,Randy Douglas,Accounting,Baton Rouge,Belarus
463,Supdimantor Direct Corp.,Virgil Pearson,Accounting,Philadelphia,Uruguay
464,Doprobor Direct ,Jacquelyn Howell,Accounting,Richmond,Réunion
465,Zeevenewentor  ,Daniel Bruce,Prepaid Customer,Long Beach,Uzbekistan
466,Surquesticor International ,Jake Wheeler,Technical,Aurora,Zambia
467,Ciptumilar Direct Inc,Lauren Winters,Technical,Oakland,Portugal
468,Adweristor  Corp.,Travis Bean,Prepaid Customer,Arlington,Hong Kong
469,Zeedudentor International ,Darius Camacho,Prepaid Customer,Memphis,New Caledonia
470,Grojubar  ,Emma Walsh,Accounting,New Orleans,Bermuda
471,Tupzapor  ,Darcy Perry,Prepaid Customer,Pittsburgh,Haiti
472,Klicadepazz  ,Lawrence Schultz,Prepaid Customer,Oklahoma,Netherlands
473,Doptanilantor International ,Cheryl Callahan,Service,Long Beach,Belarus
474,Rapsipepower WorldWide ,Julio Singleton,National Marketing,Sacramento,Bangladesh
475,Thruquestax Direct ,Gene Bartlett,Prepaid Customer,Chicago,Malta
476,Sursapax International ,Brad Mc Gee,Prepaid Customer,Detroit,Kyrgyzstan
477,Rewerpor Direct Company,Kyle Hernandez,Technical Marketing,Colorado,Egypt
478,Repebollor Holdings Inc,Miriam Tapia,Accounting,San Jose,Hungary
479,Winquestonower International Inc,Tisha Anthony,Prepaid Customer,Memphis,Indonesia
480,Zeecadefex  ,Joyce Melton,Accounting,San Antonio,Philippines
481,Supcadinex WorldWide ,Kristian Pineda,Web,Las Vegas,Sri Lanka
482,Winquestadax WorldWide Company,Angela Franklin,Accounting,Anchorage,Suriname
483,Dopdimazz Holdings ,Lydia Sims,Consumer Marketing,Mobile,India
484,Barkililan  ,Brandie Mayer,Prepaid Customer,Jersey,Dominica
485,Dopdimex Direct ,Gerardo Dodson,Sales,Los Angeles,Mauritius
486,Uppebantor  Group,Christi Hendricks,Accounting,Fremont,Venezuela
487,Truwerex Direct ,Jeanette Perez,Prepaid Customer,Chicago,Netherlands
488,Grotanonor Holdings Company,Simon Kirby,Technical,Portland,Eire
489,Infropazz International ,Hollie Tanner,Technical,New York,Colombia
490,Tuphupin Direct ,Gavin Wilcox,Accounting,Austin,Guyana
491,Adglibefower Direct ,Carrie Castro,Service,Glendale,Russia
492,Klisapax  Company,Timothy Davila,Service,New York,Niue
493,Winpeban WorldWide ,Annie Michael,Corporate Customer,Lubbock,Tonga
494,Thrukilonazz WorldWide ,Craig Mathews,Technical,Des Moines,Poland
495,Vardudupower Direct ,Ruby Reed,Prepaid Customer,Houston,Niger
496,Empebanax Direct Inc,Alfredo Moody,Prepaid Customer,New Orleans,Israel
497,Wineran Holdings ,Omar Little,Corporate Marketing,Portland,Burkina Faso
498,Upglibackicator Holdings ,Marisol Porter,Accounting,Anchorage,Tuvalu
499,Lomvenegex  ,Raul Mitchell,Prepaid Customer,Cincinnati,Belarus
500,Tupsapax International ,Kevin Mathis,International Marketing,Des Moines,Nicaragua
501,Insipar  Inc,Cory Choi,Service,Washington,Zimbabwe
502,Qwiglibantor International Company,Billie Franklin,Accounting,St. Petersburg,Liberia
503,Dopbanistor International ,Roxanne Lozano,Prepaid Customer,Rochester,Somalia
504,Supdimar Direct Company,Chasity Chandler,Web,Indianapolis,Colombia
505,Zeehupover Direct ,Tamiko Ramirez,Service,Minneapolis,Montserrat
506,Bartumadax WorldWide Group,Brian Vincent,Accounting,Los Angeles,Somalia
507,Tipzapantor  ,Krista Leon,Technical,Detroit,Virgin Islands
508,Suptinadantor International ,Michelle Cox,Prepaid Customer,Wichita,American Samoa
509,Barquestimin  ,Sabrina Reese,Technical,Akron,Belize
510,Lomsipepar Holdings ,Jenny Miles,Web,Stockton,Andorra
511,Upkilor International ,Derek Hansen,Technical,Raleigh,France
512,Surdudicator International Corp.,Anita Burke,Business Sales,Columbus,Puerto Rico
513,Lombanplar WorldWide Group,Lawrence Hendricks,Accounting,San Diego,Cyprus
514,Klijubower International Group,Cari George,Web,Jacksonville,Cameroon
515,Frotinollentor  Corp.,Jenifer Burke,National Sales,Seattle,Libya
516,Adnipinex Holdings Corp.,Sergio Watson,Service,Fort Worth,Dominica
517,Trukilaquower Holdings Inc,Angel Frye,Consumer Marketing,Spokane,Pakistan
518,Dopjubegistor WorldWide ,Priscilla Gaines,Accounting,Atlanta,Philippines
519,Cipcadentor WorldWide ,Troy Hooper,Service,Raleigh,Colombia
520,Tiperor International Group,Dallas Cortez,Technical,St. Louis,Western Sahara
521,Emwerpewower Direct Inc,Nathaniel Hubbard,Technical,Riverside,Guatemala
522,Qwitanower International ,Heather Parker,Corporate Sales,San Antonio,Kyrgyzstan
523,Truerepower WorldWide Inc,Bart Andersen,Web,Fort Wayne,Cuba
524,Winmunollor  ,Anna Gibson,Business Customer,Glendale,Falklands
525,Froericator  Corp.,Esteban Good,Prepaid Customer,Tucson,Guinea
526,Surhupar Direct ,Rodney Baldwin,Accounting,Oakland,Philippines
527,Raptinar  ,Loretta Hebert,Service,Sacramento,Qatar
528,Tuptinentor Holdings ,Cari Huffman,Technical,Wichita,Guinea-Bissau
529,Groericator International ,Jesus Rogers,Web,Albuquerque,Isle of Man
530,Wintanax International Inc,Keri Mccall,Technical,Jackson,Botswana
531,Monglibower  ,Roderick Wu,Accounting,Richmond,Greenland
532,Trusipexentor  Corp.,Latonya Francis,Technical,Hialeah,Ghana
533,Zeewerackor Direct Company,Teri Golden,Prepaid Customer,Corpus Christi,Gabon
534,Trusipackazz Holdings ,Wayne Schneider,Web,Virginia Beach,Russia
535,Haperazz Direct ,Caroline Douglas,Sales,Glendale,Pitcairn
536,Zeevenazz Direct ,Duane Woodard,Web,Fort Wayne,Guam
537,Tupgliban WorldWide ,Evelyn Leblanc,Prepaid Customer,Houston,Anguilla
538,Trupebedicator  ,Perry Miller,Service,St. Petersburg,Denmark
539,Fronipower International ,Wallace Suarez,Technical,Denver,Nepal
540,Zeezapommor WorldWide Company,Adrian Barker,Service,Arlington,Romania
541,Tippickistor  Group,Byron Walker,Prepaid Customer,Glendale,Yemen
542,Dopnipefentor  ,Charles Fisher,Prepaid Customer,Buffalo,Namibia
543,Inglibackicator International ,Jayson Ingram,Technical,Anaheim,Cambodia
544,Varhupax  Corp.,Dewayne Schaefer,Sales,Denver,Cameroon
545,Suppebonicator Holdings Company,Terrance Wallace,Accounting,Wichita,Barbados
546,Thrueronistor International ,Kent Tapia,Accounting,Fort Wayne,American Samoa
547,Parpickilantor Holdings Corp.,Desiree Rich,Technical Customer,Little Rock,Kazakhstan
548,Supfropantor  ,Gordon Bradley,Technical,Aurora,Rwanda
549,Klidudar  ,Sheryl Monroe,Web,Louisville,Denmark
550,Varkilistor Holdings Group,Jack Orozco,Technical,Richmond,Israel
551,Infropicator  ,Bridgett Cox,Service,Portland,Qatar
552,Qwinipistor International ,Jackie Downs,Service,Tacoma,Italy
553,Adquestentor  Group,Shanna Bender,Accounting,Tacoma,Russia
554,Emsapor International ,Guadalupe Vasquez,Web,San Jose,Benin
555,Varbanopan Holdings Inc,Quincy Freeman,Accounting,Baltimore,Gambia
556,Requestepex  Company,Saul Ballard,Prepaid Customer,San Antonio,Madagascar
557,Endsipentor  ,Mickey Delacruz,Technical,Rochester,Fiji
558,Lomcadin Direct ,Preston Bass,Corporate Customer,Raleigh,Malta
559,Tuppickimover Direct Company,Glenda Hanson,Prepaid Customer,Des Moines,Slovenia
560,Tupcadistor WorldWide ,Josh Galvan,Service,Chicago,Timor-Leste
561,Untumor Direct Corp.,Enrique Delgado,Accounting,Birmingham,Barbados
562,Qwitanexax WorldWide Group,Susana Kane,Web,Colorado,Mozambique
563,Montumopan WorldWide Corp.,Dana Mc Daniel,Web,San Francisco,Mongolia
564,Tupcadex Direct ,Wendell Dominguez,Technical,Columbus,Virgin Islands
565,Rezapantor Direct ,Beth Soto,Technical,Fort Wayne,Pakistan
566,Adkilollan Direct Group,Mandy Wiley,Accounting,Garland,Venezuela
567,Trupebower WorldWide ,Cheryl Cunningham,Prepaid Customer,Austin,Italy
568,Tupsapepin WorldWide Group,Jamal Schwartz,Accounting,Jersey,Kiribati
569,Varrobar WorldWide ,Daniel Sanchez,Technical,New Orleans,Jamaica
570,Raphupentor  ,Robbie Ponce,Prepaid Customer,Cleveland,Cambodia
571,Upmunimax  ,Courtney Gonzalez,Service,Nashville,Croatia
572,Untumex WorldWide Company,Jessica Randall,Prepaid Customer,Austin,Kiribati
573,Vardimanower WorldWide ,Angelica Richardson,Service,San Jose,Bangladesh
574,Supglibower Direct ,Julio Thornton,Technical,Richmond,Italy
575,Grozapaman Holdings ,Kristine Vargas,Web,Tulsa,Zimbabwe
576,Parkilefin  ,Megan Arroyo,Service,Memphis,Puerto Rico
577,Grosipover WorldWide ,Dion Young,International Marketing,Toledo,Gibraltar
578,Frobanower Direct Company,Kenya Dalton,Service,Aurora,Australia
579,Monvenackentor  ,Margaret Kent,Web,Pittsburgh,Cook Islands
580,Tuppickower  Group,Jean Miranda,Web,St. Louis,Guadeloupe
581,Suphupollor WorldWide Group,Annie Green,Marketing,Honolulu,El Salvador
582,Varmunilazz Holdings Inc,Harvey Cooper,Prepaid Customer,Riverside,Virgin Islands
583,Surpickegar  ,Tamara Sexton,Technical,Spokane,Burundi
584,Zeemunedgistor WorldWide Company,Marc Braun,Accounting,Arlington,Zimbabwe
585,Unrobplentor International ,Shirley Lewis,Technical,Fresno,Hong Kong
586,Barjubower International Company,Emma Macias,Prepaid Customer,Madison,Tonga
587,Hapdimefower  ,Donnie Walls,Prepaid Customer,Glendale,Mauritius
588,Zeenipedgover Direct Group,Jayson Norman,Accounting,Colorado,Costa Rica
589,Zeetaninazz International ,Rose Cowan,Technical,Denver,Jordan
590,Windimexor  Group,Janelle Kane,Technical,Madison,Congo
591,Dopkilopar International Group,Bethany Le,Prepaid Customer,Kansas,Azerbaijan
592,Invenar Direct ,Vincent Dorsey,Service,Fort Worth,Lebanon
593,Winsapaquan Direct Inc,Ronda Powell,Accounting,Montgomery,Iran
594,Happebower International ,Stacey Ayers,Prepaid Customer,Cleveland,Qatar
595,Thrurobexover Holdings ,Evelyn Shepard,Prepaid Customer,Albuquerque,Nigeria
596,Dopjubower  Corp.,Jack Madden,Accounting,Atlanta,Haiti
597,Thrufropefex WorldWide Corp.,Kristie Cordova,Service,Atlanta,Anguilla
598,Undimollentor WorldWide Corp.,Tammi Green,Service,Jersey,China
599,Zeevenadan WorldWide Company,Heidi O'Connor,Web,Fort Worth,Kuwait
600,Grotananantor WorldWide ,Preston Branch,Web,Arlington,Bhutan
601,Moncadover  ,Angelo Mosley,Web,Aurora,Moldova
602,Inquestin International ,Janine Schneider,Prepaid Customer,Austin,Zambia
603,Redimonax Direct Company,Chastity Rush,Technical,Omaha,Ghana
604,Wintumor WorldWide Inc,Katie Richardson,Customer,Atlanta,Bahrain
605,Lomdimplex Direct ,Calvin Moon,Web,Buffalo,Cyprus
606,Endrobewover International ,Austin Cardenas,Prepaid Customer,Houston,Falklands
607,Winpebower  ,Ernesto Gates,Technical,Yonkers,Guam
608,Endnipinistor WorldWide ,Sylvia Kent,Technical,Memphis,Gibraltar
609,Gropickollan Holdings Corp.,Marisol Singh,Service,Rochester,Bermuda
610,Unwerin Direct ,Natalie Mc Donald,Service,Spokane,Mayotte
611,Lomglibewazz  ,Gilbert Mckay,Prepaid Customer,Anaheim,Croatia
612,Advenower International ,Shelia Gross,Technical,Little Rock,Denmark
613,Suppickin Direct Inc,Chad Riddle,Prepaid Customer,Charlotte,Guernsey
614,Zeerobover Holdings Company,Judy Martinez,Service,Miami,Kuwait
615,Varerefor Direct ,Olivia Eaton,National Sales,Louisville,Netherlands
616,Suppebicator Direct ,Bryan Wise,Service,Glendale,Benin
617,Cippebommentor  Company,Lawanda Huerta,Web,Arlington,Kyrgyzstan
618,Truweraquin  ,Carolyn Odom,Business Marketing,Santa Ana,Montenegro
619,Requesticator International ,Janet Nielsen,Accounting,Honolulu,Mongolia
620,Grorobazz  Company,Margarita Proctor,Accounting,Columbus,Saudi Arabia
621,Insapimentor  Corp.,Randi Nolan,International Marketing,Fort Wayne,Indonesia
622,Adwerpaquor Holdings Group,Jeanette Mendez,Corporate Sales,Baton Rouge,Dominica
623,Thrumunollex Direct ,Joyce Barrett,Web,Minneapolis,Algeria
624,Moncadamistor International ,Cristina Stephens,Technical,Minneapolis,Eire
625,Zeevenanar  ,Karin Cook,Prepaid Customer,Glendale,Bangladesh
626,Hapmunanan WorldWide ,Vincent Glover,Web,Fremont,Poland
627,Vardimupentor  Group,Gene Burke,Accounting,Sacramento,Australia
628,Emquestin Direct ,Marisol Flowers,Technical,Greensboro,Guadeloupe
629,Rapkilonax Holdings Group,Wendell Knapp,Service,Virginia Beach,Samoa
630,Inglibedgex Holdings ,Diana Padilla,Accounting,Dallas,Myanmar
631,Upjuban International ,Helen Bonilla,Web,Madison,Paraguay
632,Renipover International Corp.,Diana Savage,Technical Sales,Madison,Cambodia
633,Surtumin WorldWide ,Alfred Hale,Service,Tulsa,Monaco
634,Kliglibar  Inc,Emma Benton,Technical,Mobile,Bangladesh
635,Endbanover Direct ,Alisa Valentine,Web,Norfolk,Saint Helena
636,Tipsipimicator  ,Damon Lawson,Technical,Memphis,Estonia
637,Zeetanistor  Group,Cindy Doyle,Web,Seattle,Nigeria
638,Truvenentor  Corp.,Cindy Chen,Technical,St. Paul,Azerbaijan
639,Barnipantor Holdings ,Serena Durham,Technical,San Jose,Saudi Arabia
640,Grotumicator WorldWide ,Trevor Cantrell,Technical,Honolulu,Bhutan
641,Inkilistor  ,Marci Kline,Service,Fort Wayne,Mauritania
642,Suppebadar WorldWide ,Alfonso Mercer,Accounting,Baton Rouge,Egypt
643,Gromunan  ,Theodore Ruiz,Web,Lubbock,Barbados
644,Winquestar Direct ,Andre Figueroa,Prepaid Customer,Tucson,Taiwan
645,Zeemunedgax  ,Tony Macias,Technical,El Paso,Virgin Islands
646,Cippickantor International ,Latasha Casey,Web,Atlanta,Sri Lanka
647,Survenonan  Inc,Lindsay Gutierrez,Service,Spokane,Botswana
648,Uppebor Direct Inc,Sharon Walsh,Service,Oakland,United Kingdom
649,Bartinefan International ,Fernando Best,Prepaid Customer,Las Vegas,Belize
650,Parfropan Holdings ,Ruby Orozco,Service,Fresno,Martinique
651,Trujubefentor International Inc,Zachary Bowman,Technical,Raleigh,Tonga
652,Varsipeficator International Company,Peggy Pena,Technical,Yonkers,Italy
653,Intanupistor  ,Shauna Mayer,International Customer,Cleveland,Micronesia
654,Tiptinplar Direct ,Margaret Mac Donald,Service,Baltimore,Palau
655,Unsipupower WorldWide ,Maurice Durham,Accounting,Norfolk,Peru
656,Trueristor Holdings ,Ray Chaney,Web,Fort Wayne,Guam
657,Endwerpower Holdings ,Lashonda Crawford,Customer,Yonkers,Virgin Islands
658,Tuprobazz WorldWide ,Tonya Walsh,Service,San Diego,Azerbaijan
659,Upvenin International ,Felipe Hayes,Prepaid Customer,Honolulu,Zimbabwe
660,Zeedudedgan International Corp.,Shawn Lee,Web,Mesa,Liberia
661,Resipommicator Direct Group,Olga Trujillo,Web,Arlington,Cyprus
662,Frohupedantor Holdings Inc,Marvin Strong,Technical,Little Rock,Afghanistan
663,Upvenopor  ,Bryan Evans,Web,Des Moines,Martinique
664,Lomdimexar  ,Natasha Blanchard,Technical,Anaheim,Liberia
665,Tupvenicator Direct ,Marco Mcclain,Accounting,San Jose,Syria
666,Hapdimackantor  ,Erica Trujillo,Prepaid Customer,Shreveport,Australia
667,Wintumupor Direct ,Raquel Ware,Accounting,Wichita,Nepal
668,Parpebanor WorldWide ,Candice Boone,Technical,Newark,Fiji
669,Fropickor  ,Bradford Mathews,Prepaid Customer,Yonkers,Philippines
670,Unglibentor International ,Stacie Rush,Prepaid Customer,Pittsburgh,Guyana
671,Upmunimower  Corp.,Joann Preston,Prepaid Customer,Akron,Japan
672,Lompickar  Company,Kevin Chapman,Service,Houston,Indonesia
673,Winpickimower Direct ,Irma Burton,Technical,Sacramento,Somalia
674,Tipjubicator WorldWide ,Charlene Greer,Consumer Marketing,Arlington,Latvia
675,Tupmunefower Holdings Company,Nicholas Stafford,Service,Memphis,Czech Republic
676,Frobanax International ,Eva Ochoa,Web,Denver,Canada
677,Adwerpexicator Direct ,Esther Ward,Prepaid Customer,Montgomery,Cameroon
678,Rezaponax Holdings Company,Aimee Maynard,Technical,Phoenix,Burkina Faso
679,Unquestopin Direct ,David Reyes,Prepaid Customer,Seattle,Ethiopia
680,Tupkiladin WorldWide ,Luke Brock,Sales,Tampa,Dominica
681,Tipnipopover WorldWide Company,Kristian Wiley,Service,Houston,Mongolia
682,Emsapupower  Group,Jasmine Bradford,Technical,Los Angeles,Bhutan
683,Cipnipan WorldWide Group,Hollie Kemp,Web,New Orleans,Egypt
684,Tiptinilicator Holdings Corp.,Gary Lozano,National Marketing,Garland,Cuba
685,Haptanamower  ,Roland Waller,Service,Long Beach,Philippines
686,Wintumover Direct ,Jackie Garner,Web,Fremont,Ethiopia
687,Tupnipupicator  ,Wendell Meyer,Service,Louisville,Mayotte
688,Lomtumefax Holdings Group,Timmy Hopkins,Customer,Long Beach,Timor-Leste
689,Winbanor WorldWide ,Joseph Mc Clure,Web,Columbus,Guyana
690,Zeetinistor WorldWide ,Rene Graves,Technical,Las Vegas,Iran
691,Dopweropazz Holdings Company,Beth Cowan,Corporate Sales,Tucson,France
692,Tupjubadentor  ,Sophia Herman,Web,Jacksonville,Montenegro
693,Lomtanazz  Inc,Ricky Perry,Accounting,San Francisco,Bahamas
694,Barhupedantor  ,Floyd Skinner,Accounting,Newark,Finland
695,Adbanor  Inc,Spencer Golden,Service,Grand Rapids,Timor-Leste
696,Lomvenex  Company,Brandon David,International Sales,Chicago,Martinique
697,Adjubistor International ,Mandy Novak,Accounting,Columbus,Palau
698,Klidudimar  ,Tracey Zhang,Accounting,Austin,Mongolia
699,Winzapopan Holdings Company,Kisha Short,Technical,El Paso,Afghanistan
700,Tuperistor  ,Darren Dorsey,Prepaid Customer,Honolulu,Tuvalu
701,Lomfropax Holdings ,Janelle Vazquez,Web,Hialeah,Croatia
702,Trudiman International ,Randy Hurst,Accounting,Atlanta,Sudan
703,Winwerin Direct Inc,Quincy Farley,Marketing,Tampa,Djibouti
704,Endtanentor  Group,Mandi Mcclain,Service,New Orleans,Portugal
705,Zeesapollor WorldWide ,Chrystal Gill,Prepaid Customer,Richmond,Bhutan
706,Invenadar  ,Veronica Roach,Technical,Akron,Liechtenstein
707,Endbaninantor  ,Bobbi Padilla,Prepaid Customer,Tulsa,Mozambique
708,Wintinax WorldWide Group,Rodney Curtis,Technical,New Orleans,Belize
709,Dopbanower  ,Lashonda Trujillo,Web,Tacoma,Kyrgyzstan
710,Tupbanazz WorldWide Company,Kerrie Lee,Accounting,Virginia Beach,Malvinas
711,Ciprobaquax  ,Clarence Gillespie,Customer,Indianapolis,Costa Rica
712,Rapwerpax Holdings ,Austin Fritz,International Marketing,Richmond,Sri Lanka
713,Frozapan Direct ,Josh Rivas,Service,Hialeah,Seychelles
714,Suprobadar Holdings ,Brad Hahn,Accounting,Greensboro,Saint Helena
715,Barglibistor Direct Company,Trisha Carrillo,Web,Toledo,Togo
716,Revenan Direct ,Meghan Bean,Service,Birmingham,Benin
717,Thruzapower International Corp.,Robyn Marsh,Marketing,Aurora,Saint Helena
718,Tipkilower Direct Inc,Sara Humphrey,Service,Garland,Guadeloupe
719,Parkilax WorldWide ,Randall Calderon,Prepaid Customer,Fort Worth,Saudi Arabia
720,Thruglibepor  Corp.,Bernard Abbott,Accounting,San Francisco,Montserrat
721,Hapjubover Direct ,Ted Zhang,Web,Washington,Lebanon
722,Supglibover WorldWide ,Loretta Li,Service,Boston,Réunion
723,Varkilax Holdings ,Janine Shaffer,Prepaid Customer,Pittsburgh,Trinidad
724,Monglibistor  Company,Tammie Wilkinson,Web,Boston,Gabon
725,Kliwerpan International Corp.,Emily Keller,Technical,Dallas,Barbados
726,Endtanan  Company,Alfredo Good,Web,Tampa,Sri Lanka
727,Uperex Holdings ,Zachary Bennett,National Customer,Garland,Grenada
728,Tupzapar WorldWide ,Terrance Warren,Prepaid Customer,Yonkers,Malawi
729,Barvenor  ,Tabatha Braun,Service,Milwaukee,Moldova
730,Lompebamistor  ,Efrain Mc Lean,Technical,Columbus,Nigeria
731,Ciphupover Direct ,Andre Cowan,Service,Tucson,Kuwait
732,Inweregex  ,Ebony Watkins,Web,Louisville,Mauritania
733,Klitanex  ,Tracey Koch,Technical,Lubbock,Bulgaria
734,Renipplicator  Inc,Stacy Holt,Web,Richmond,Guam
735,Dopwerpex  Inc,Jerry Frye,Sales,Akron,Angola
736,Zeebanupor  ,Latasha Ashley,Prepaid Customer,Jersey,Russia
737,Zeehupegex International ,Franklin Davenport,National Customer,Cincinnati,Tanzania
738,Dopmunimower International Company,Kerry Long,Prepaid Customer,New York,Macedonia
739,Tipvenommin WorldWide ,Eileen Fields,Prepaid Customer,San Francisco,Belize
740,Qwipickaman WorldWide Company,Jack Tran,Web,Birmingham,Cuba
741,Grotumax Direct ,Alfredo Maddox,Web,Mesa,Nicaragua
742,Tipwerplower Direct Corp.,Lakisha Barnett,Technical,Charlotte,Kyrgyzstan
743,Rapwerpin Direct ,Jenna Werner,Accounting,Virginia Beach,Israel
744,Trusipax  ,Perry Owen,Technical,Mobile,Somalia
745,Parglibistor  Corp.,Stacey Dean,Accounting,Buffalo,Cyprus
746,Klitumin International Inc,Sandy Richardson,Prepaid Customer,St. Paul,Jordan
747,Endzapexower WorldWide Inc,Kristin Johns,Web,Portland,Singapore
748,Parmunicor International ,Janet Leonard,Technical,Nashville,Germany
749,Endnipplax International Corp.,Allison Vance,Technical,Detroit,Hong Kong
750,Cipquestewex WorldWide ,Trent Robles,Technical,El Paso,Seychelles
751,Tipzapin WorldWide Corp.,Dena Ibarra,Service,Portland,Sierra Leone
752,Unwerpopantor WorldWide Company,Ron Olsen,Technical Sales,Chicago,Guam
753,Winwerax Direct ,Elaine Santana,Prepaid Customer,Arlington,Slovenia
754,Trukilollantor International ,Eileen Blackburn,Prepaid Customer,Phoenix,India
755,Unsapackover WorldWide ,Jordan Glenn,Consumer Customer,Denver,Japan
756,Thrumunar WorldWide ,Isaac Santos,Technical,Corpus Christi,Kuwait
757,Emkiledentor WorldWide Corp.,Paige Harding,Prepaid Customer,Bakersfield,Ukraine
758,Truquestinex  ,Chad Harrington,Web,Charlotte,Uganda
759,Winerax Direct ,Tabatha Michael,Accounting,Columbus,Netherlands
760,Undimamistor Direct Inc,Alvin Wiggins,Marketing,Boston,Falklands
761,Dophupilex WorldWide Group,Leanne Booth,Accounting,Lincoln,Cape Verde
762,Hapsapefazz Holdings ,Shauna Clay,Web,Anaheim,Bangladesh
763,Cippickimover Direct ,Caroline Holmes,Accounting,Detroit,Macao
764,Klisapplover  Corp.,Herbert Chang,Prepaid Customer,Jackson,Slovakia
765,Gropickistor Direct Company,Bart Avila,Prepaid Customer,Houston,Bangladesh
766,Enddimommor  ,Miguel Holmes,Web,Colorado,Nepal
767,Varfropower WorldWide Corp.,Angelia Vazquez,International Sales,Greensboro,Peru
768,Zeehupan Direct Company,Craig Costa,Prepaid Customer,San Antonio,Jordan
769,Klinipin Holdings ,Melvin Hester,Prepaid Customer,Milwaukee,Puerto Rico
770,Upquestilin International ,Samuel Patel,Prepaid Customer,Madison,Cambodia
771,Parbanefistor International Inc,Dwayne O'Neill,Accounting,Jacksonville,Cyprus
772,Monrobin  ,Janine Wagner,Web,Aurora,Ecuador
773,Froquestupor  ,Clinton Shah,Accounting,Richmond,Egypt
774,Zeemunax WorldWide Company,Lindsey Strong,Technical,Rochester,Mauritius
775,Qwihupegantor  Inc,Jessica Mccall,Prepaid Customer,Anaheim,Uruguay
776,Emvenor WorldWide Group,Randolph Gomez,National Customer,Yonkers,Algeria
777,Dopzapower WorldWide ,Marie Chambers,Web,Madison,Ghana
778,Supglibimazz Holdings ,Billie Barr,Web,Birmingham,Belarus
779,Thrutinex WorldWide ,Christian Ritter,International Sales,Riverside,Barbados
780,Tipquestover  Inc,Jared Ponce,Accounting,Toledo,Netherlands
781,Advenexin  ,Stacie Blake,Prepaid Customer,Denver,Antarctica
782,Zeeweredgistor  ,Cecil Good,Service,Corpus Christi,Angola
783,Unwerpantor Holdings ,Lance Palmer,Customer,Shreveport,Burundi
784,Grodimedgicator Holdings Corp.,Candy Duffy,Accounting,Tacoma,Serbia
785,Surpebin  ,Damian Craig,Accounting,Hialeah,Switzerland
786,Endkilistor International Corp.,Sheila Grimes,Prepaid Customer,Portland,Bolivia
787,Varerantor  Company,Tyler Rose,Accounting,Louisville,Romania
788,Qwifropedgor  ,Sammy Copeland,Marketing,Jackson,Qatar
789,Surhupexentor Holdings ,Aaron Yang,Accounting,Buffalo,Trinidad
790,Updudentor  ,Yvonne Daugherty,Prepaid Customer,San Diego,Mauritania
791,Tupwerackan  Group,Leah Atkinson,Sales,Akron,Slovenia
792,Tipdimicar  ,Heather Bridges,Web,San Antonio,Vanuatu
793,Klisipadan  ,Mark Hunter,Web,Yonkers,Tajikistan
794,Surpickommistor Direct Corp.,Craig Anderson,Accounting,Spokane,South Africa
795,Inbanex Holdings ,Samantha Brooks,Technical Customer,Des Moines,Aruba
796,Montumar  ,Melody Sandoval,Service,Tacoma,Mayotte
797,Unvenonistor International ,Lucas Zimmerman,Technical,Fort Worth,Vanuatu
798,Parpeban International ,Morgan Koch,Accounting,Anaheim,Mozambique
799,Pardimilower WorldWide ,Sheri Lawrence,Prepaid Customer,Raleigh,Qatar
800,Rapquestentor  Corp.,Yvonne Frost,Web,Bakersfield,Micronesia
801,Endkilex  Group,Kendrick Russell,Prepaid Customer,Riverside,Réunion
802,Cipericator  Inc,Jocelyn Henry,Accounting,Boston,Guernsey
803,Lomvenantor Holdings ,Elena Olson,Web,Dallas,Moldova
804,Varzapower Holdings ,Rodney Ryan,Accessory Sales,Nashville,Ecuador
805,Frorobantor  ,Mia Meadows,Business Sales,Dallas,Mexico
806,Emwerpaquentor International Corp.,Jasmine Orr,Marketing,Louisville,Mauritania
807,Grotumewax  Inc,Janet Ashley,Accounting,Austin,Benin
808,Frosipinar International ,Bethany Hurley,Prepaid Customer,Tucson,Egypt
809,Frosapaquantor Holdings Company,Jessica Maddox,Accounting,Omaha,Jordan
810,Barvenedax International Group,Chanda Hanson,Technical,Minneapolis,Italy
811,Retinaman WorldWide Company,Wesley Duke,Technical,Grand Rapids,Cameroon
812,Rapquestan International Inc,Daphne Irwin,Technical,Charlotte,Sudan
813,Emtinar Holdings Group,Randal Proctor,Service,Rochester,Sudan
814,Dopcadewor  ,Patrice Bradley,Service,Rochester,Afghanistan
815,Klivenan Holdings ,Jaime Cordova,Prepaid Customer,Tacoma,Dominica
816,Tupnipover WorldWide Company,Dallas Bowman,Sales,Columbus,Burkina Faso
817,Upquestax  ,Bethany Riddle,Technical,Madison,United Kingdom
818,Parsipegan  Corp.,Quentin Mason,Prepaid Customer,Indianapolis,Portugal
819,Vartanor  ,Reginald Arroyo,Technical,Columbus,United States
820,Lomtumedazz International ,Yolanda Olsen,Prepaid Customer,Baton Rouge,Vanuatu
821,Updimegan International Group,Derick Harrell,Service,Little Rock,Thailand
822,Insipower WorldWide ,Kristian Gregory,Accounting,San Jose,Vietnam
823,Inwerpanistor Direct ,Clayton Cox,Prepaid Customer,Anaheim,Malaysia
824,Supvenackantor  ,Jeffery Ortega,Accounting,Baltimore,Chile
825,Ciptumor Holdings Inc,Lindsay Branch,Service,Baltimore,Greenland
826,Monwerpan  Corp.,Chad Gilbert,Accounting,Philadelphia,Eritrea
827,Hapsipinar Holdings Company,Trent Marsh,Web,Greensboro,Guernsey
828,Uppebadentor Holdings ,Nina Mccann,Web,Madison,Isle of Man
829,Hapcadar International Inc,Nicolas Hickman,Technical,Montgomery,Macao
830,Lomquestan WorldWide ,Sam Berg,Web,Corpus Christi,Haiti
831,Enddimadover Direct Company,Mark Becker,Prepaid Customer,Newark,Australia
832,Untumonicator International Group,Daryl Tapia,Technical,Cleveland,Paraguay
833,Klitinewower Direct ,Natalie Gamble,Service,Montgomery,Guatemala
834,Endbanamantor Holdings ,Alonzo Oliver,Service,Aurora,Liechtenstein
835,Barvenanar Holdings ,Kurt Ballard,Service,Lincoln,Togo
836,Cipzapaquower Holdings ,John Atkins,Marketing,San Diego,Oman
837,Doppickar  ,Reginald Stark,Web,St. Paul,Jersey
838,Monsapedistor WorldWide ,Lesley Roach,Accounting,Santa Ana,Tonga
839,Rapzapan International ,Evan French,Service,Montgomery,Cyprus
840,Tipweran WorldWide ,Annie Schroeder,Prepaid Customer,Austin,Georgia
841,Tupkilaquentor Direct Corp.,Esther Gardner,Accounting,Houston,American Samoa
842,Monpebexax WorldWide Inc,Neil Gill,Web,Denver,Libya
843,Inpebazz WorldWide ,Bennie Patel,Web,Portland,Finland
844,Cipzapupax  ,Quincy Hunt,Technical,Dallas,Lebanon
845,Zeekilover  ,Dexter Webb,Technical,Cleveland,Iran
846,Surdudegover WorldWide ,Kim Butler,Prepaid Customer,Charlotte,Venezuela
847,Zeeericicator Holdings Corp.,Brandon O'Connor,Prepaid Customer,Tulsa,Bhutan
848,Mondimentor Direct ,Heidi Sutton,Prepaid Customer,Memphis,Tajikistan
849,Endrobantor International ,Meghan Todd,Prepaid Customer,Arlington,Monaco
850,Upfropover Direct ,Alissa Farley,Corporate Marketing,Corpus Christi,Trinidad
851,Endcadommantor International Corp.,Devon Pugh,Web,Indianapolis,Nepal
852,Inmunan  Company,Kendra Hart,Web,Jacksonville,Djibouti
853,Barjubover Holdings ,Dina Boone,Accounting,Rochester,Niue
854,Insapentor  Corp.,Roman Elliott,Accounting,Los Angeles,Saudi Arabia
855,Barvenexazz  Inc,Autumn Meadows,Web,Los Angeles,Palau
856,Tuppickazz  Corp.,Matthew Meza,Marketing,Louisville,Saint Lucia
857,Endtanonover International Corp.,Jeannie Schmidt,Web,Birmingham,Somalia
858,Hapglibaquicator Holdings Inc,Sylvia Mc Cormick,Accounting,Bakersfield,Iraq
859,Emquestistor Direct ,Craig Erickson,Service,Indianapolis,Tonga
860,Qwimunazz  ,Sheri Webb,Technical,Houston,Germany
861,Lomhupover Holdings ,Drew Maddox,Web,Akron,Côte d'Ivoire
862,Barkilar  Inc,Orlando Hobbs,Technical,Honolulu,Oman
863,Enddimazz  ,Russell Bautista,Service,Fresno,Puerto Rico
864,Lomzapower  Company,Alana Mc Bride,Service,Yonkers,Bahamas
865,Groeristor International ,Salvador Alvarado,Customer,Hialeah,Guyana
866,Fronipentor International ,Eileen Reid,Web,Birmingham,Jordan
867,Inpeban Holdings ,Lana Weber,Sales,Toledo,Liberia
868,Bartumex WorldWide ,Sonya Green,Prepaid Customer,Tacoma,Guadeloupe
869,Klibananor WorldWide Group,Demond Powers,Service,Hialeah,Belize
870,Lomtanimazz Direct ,Dora Graham,Technical,Greensboro,Martinique
871,Tupfropegentor International Inc,Christie Ford,Technical,Louisville,Panama
872,Klisapinazz WorldWide ,Elizabeth Dunlap,Technical,Portland,Anguilla
873,Bartanar Holdings Company,Roger Rodriguez,Technical,Denver,Lithuania
874,Tupcadommax Holdings ,Kris Nelson,Accounting,St. Petersburg,Netherlands
875,Adcadazz Holdings Corp.,Omar Gross,Sales,Riverside,United States
876,Tupjubover International ,Jeff Shaffer,Technical,Anchorage,Hungary
877,Grotuminex International ,Stephan Benjamin,Prepaid Customer,Lincoln,Palau
878,Rappebplentor Holdings Inc,Dustin Simmons,Service,Wichita,Australia
879,Adjubicator Holdings Corp.,Sandy Herring,Service,Greensboro,Saint Helena
880,Lomwerackover Direct Corp.,Natasha Carpenter,Service,Richmond,Guinea
881,Retumplor Holdings Company,Terence Haley,Service,Birmingham,Cambodia
882,Dopkilar Direct Group,Ross Bruce,Web,Anchorage,Latvia
883,Intanantor WorldWide Corp.,Autumn Branch,Service,Madison,South Georgia
884,Tuphupommax WorldWide ,Kate Juarez,Customer,Seattle,Morocco
885,Fropebicar International ,Seth Rangel,Accounting,Santa Ana,Romania
886,Uptumexantor WorldWide Company,Naomi Stokes,Service,Sacramento,South Africa
887,Surmunar International ,Xavier Hill,Accounting,Tampa,Antarctica
888,Trujubinan Holdings Corp.,Albert Underwood,Web,Yonkers,Mexico
889,Lomkilazz International Corp.,Elias Sanford,Technical,Akron,Slovenia
890,Vardudimex Holdings Inc,Nakia Walter,Accessory Customer,Cleveland,Bulgaria
891,Tupvenicator  Company,Scot Le,Technical,Cincinnati,Sweden
892,Emsipower Holdings ,Jacob Lang,International Sales,Birmingham,Angola
893,Rapbanin WorldWide ,Ty Haynes,Prepaid Customer,Oakland,Zimbabwe
894,Redudupover WorldWide ,Evelyn Dickerson,Prepaid Customer,Grand Rapids,Togo
895,Thrucadimentor Direct ,Alonzo Terry,Web,Newark,Benin
896,Qwisapin Holdings ,Rhonda Sampson,Service,Anaheim,Greenland
897,Emmunimin International ,Stephanie Ryan,Prepaid Customer,Jackson,Samoa
898,Winzapin Holdings Inc,Carey Hendrix,Service,Cincinnati,Cyprus
899,Parsipilover  ,Cory Jacobson,Technical,Cleveland,Bermuda
900,Indudicator International Company,Andy Hendrix,Service,Norfolk,Vanuatu
901,Klierower  Group,Henry Barajas,Technical,Montgomery,Latvia
902,Endzaponar WorldWide ,Ross Finley,Prepaid Customer,Toledo,Samoa
903,Qwipickopor Direct ,Abel Lutz,Accessory Marketing,Long Beach,Saudi Arabia
904,Supwerinor  Inc,Shonda Munoz,Web,Baltimore,Antarctica
905,Tupdudefex Direct Corp.,Michael Rich,Accessory Sales,Detroit,Cuba
906,Upjubentor  ,Tiffany Larson,Prepaid Customer,Madison,Montenegro
907,Upfropicator  ,April Brandt,Technical,Dayton,Portugal
908,Supjubex WorldWide Company,Marshall Mc Millan,Web,New York,Angola
909,Barhupedower  ,Frank Case,Corporate Sales,Tucson,South Korea
910,Enddimax  ,Vicky Short,Sales,Long Beach,Gabon
911,Adfropadentor Direct Company,Dwight Dorsey,Technical Customer,Jackson,Bahrain
912,Doppebicator Holdings Inc,Kate Doyle,Business Sales,San Antonio,Saint Helena
913,Thrukilistor WorldWide Corp.,Miranda Galloway,Prepaid Customer,Phoenix,Nicaragua
914,Inpebplicator Holdings ,Lamar Conrad,Service,Virginia Beach,Malta
915,Zeebanicator International ,Christian O'Connor,Web,Minneapolis,Chile
916,Qwimunimentor WorldWide ,Bryon Werner,Web,New York,Portugal
917,Rezapax WorldWide Group,Lillian Case,Service,Arlington,Swaziland
918,Cipdimor WorldWide ,Olivia Blake,Technical Customer,Denver,Bolivia
919,Kliglibefentor  Group,Adam Hill,Web,Kansas,Greece
920,Endvenollentor  ,Troy Mahoney,Technical,Honolulu,Malvinas
921,Uptinackin WorldWide ,Marshall Gillespie,Prepaid Customer,Philadelphia,Iran
922,Revenonan  ,Alonzo Goodman,Service,St. Petersburg,Tunisia
923,Hapfropistor  ,Cecilia Prince,Accounting,Cleveland,Malawi
924,Redimex International ,Ronda O'Connell,Service,Norfolk,Venezuela
925,Tupglibackover  ,Simon Ellis,Accounting,Minneapolis,Palau
926,Tupcadan WorldWide ,Shelley Johnson,Technical,Fremont,Niue
927,Parcador WorldWide ,Emma Garner,Corporate Customer,Garland,Antarctica
928,Truweredor Direct ,Oliver Stuart,Service,Minneapolis,Morocco
929,Endpebadar WorldWide Group,Lauren Proctor,Web,San Antonio,Malawi
930,Groquestentor International Corp.,Joyce Marks,Service,San Antonio,Morocco
931,Rejubentor WorldWide Inc,Gina Gillespie,Web,Glendale,Myanmar
932,Truweran Direct ,Rocky Wagner,Prepaid Customer,Charlotte,Latvia
933,Truzapicator Direct ,Telly Wilcox,Accounting,Oklahoma,Uruguay
934,Thruweristor Direct ,Ian Lucas,Prepaid Customer,Denver,Sierra Leone
935,Zeepickadin  ,Judy Hardy,Service,Dayton,Tanzania
936,Trusipewazz  ,Monte Whitney,Service,San Jose,Haiti
937,Grorobentor Holdings ,Travis Smith,Service,Albuquerque,Panama
938,Undimollover WorldWide Inc,Kristi Chapman,Accessory Sales,Akron,Seychelles
939,Kliwerpicistor WorldWide Inc,Lindsay Hatfield,Accounting,Jacksonville,Iceland
940,Emfropor Direct ,Candice Stevens,Customer,Anchorage,Burundi
941,Monbanicentor Holdings ,Michele Blevins,Technical Customer,Santa Ana,Belize
942,Monfropax  ,Geoffrey Bright,Consumer Marketing,Tampa,Albania
943,Grocadopex WorldWide ,Wade Conway,Web,Wichita,Réunion
944,Barrobilex WorldWide ,Joyce Petersen,Web,Albuquerque,Luxembourg
945,Endzapepicator Direct ,Bonnie Owens,Accounting,Cincinnati,Austria
946,Qwiwerpimower  ,Diane Henry,Service,Atlanta,Belize
947,Varjubepantor  ,Alisha Mccoy,Prepaid Customer,Santa Ana,Guyana
948,Varkilan  ,Roberta Ramirez,Technical,Los Angeles,Kazakhstan
949,Surnipazz Holdings Inc,Derick Dudley,Web,Pittsburgh,Puerto Rico
950,Klitinazz WorldWide ,Jana Gregory,Prepaid Customer,Tampa,Honduras
951,Wintumistor Direct Group,Clarissa Moody,Sales,Fremont,Latvia
952,Trutanor Direct ,Devon Brown,Prepaid Customer,Santa Ana,New Zealand
953,Reerupistor Holdings Corp.,Guadalupe Wright,International Customer,Jacksonville,Tanzania
954,Varvenollentor  ,Karla Booker,International Customer,Jackson,Martinique
955,Kliquestommor  Inc,Chrystal Herman,Accounting,Louisville,Malvinas
956,Tiphupicar Holdings ,Kelli Stephenson,Service,Boston,Mauritius
957,Varcadin International Company,Toby Bonilla,Accounting,Denver,Ecuador
958,Thrujubower WorldWide Inc,Rogelio Newton,Web,Anchorage,Slovenia
959,Haptumommax  Group,Juan Ruiz,Service,Riverside,Guam
960,Ciprobedgover Direct ,Priscilla Silva,Accounting,Phoenix,Malta
961,Upsapar WorldWide Corp.,Marlene Bartlett,Technical,Glendale,Mauritius
962,Thruvenax  Company,Nina Stark,Technical,Miami,Bhutan
963,Emerantor  Corp.,Bridgette Foley,Prepaid Customer,Glendale,Libya
964,Unsipefin  Company,Jim Hutchinson,Accounting,Cleveland,Denmark
965,Rapnipover International ,Irma Jacobson,Technical,Sacramento,Oman
966,Cipzapamantor Direct Group,Terri Velazquez,Web,Minneapolis,Montenegro
967,Cipbanicor  ,Patrice Chapman,Sales,Lincoln,Slovenia
968,Klidimupover WorldWide ,Glenda Mckee,Service,Grand Rapids,Swaziland
969,Tipdudicator International ,Bonnie Garner,Service,Fresno,Niger
970,Trutinicar  ,Erica Dennis,Web,Long Beach,Seychelles
971,Repebackentor Holdings Inc,Elias Harrison,Technical,Norfolk,Angola
972,Uptumadin WorldWide Inc,Judy Henderson,Prepaid Customer,Garland,Azerbaijan
973,Qwinipepazz  ,Teddy Alvarez,International Customer,San Jose,Portugal
974,Emglibepax International ,Chester Jordan,Prepaid Customer,Birmingham,Congo
975,Updudplin  Corp.,Christie Washington,Web,Glendale,Kazakhstan
976,Dopmunamor International ,Earnest Aguirre,Prepaid Customer,Toledo,Indonesia
977,Klikilollower  Company,Carlos Schultz,Web,Jacksonville,China
978,Adtinex International ,Laura Stafford,Service,Yonkers,American Samoa
979,Unerover Direct ,Rick Mccoy,Web,Memphis,Tonga
980,Adquestazz WorldWide Company,Jamal Leblanc,Service,Detroit,Monaco
981,Unpeban Direct Company,Stuart Townsend,Technical,Cincinnati,French Guiana
982,Grotumeficator  ,Lakisha Frey,Web,Dayton,Micronesia
983,Hapwerpollower WorldWide Group,Virgil Rodgers,Prepaid Customer,Chicago,Taiwan
984,Dopcadepor WorldWide Corp.,Jess Warren,Technical,Mesa,Cameroon
985,Tipglibopar Holdings ,Kenya Browning,Service,Baltimore,Bulgaria
986,Montanewor WorldWide ,Darlene Riggs,Web,Albuquerque,Venezuela
987,Monwerimex Holdings Company,Damon Thornton,Web,Boston,Monaco
988,Trusipar Direct ,Noel Navarro,International Customer,Buffalo,Iceland
989,Frotanicator  Group,Meghan Vaughn,Accounting,Rochester,Eire
990,Unzapadower  Inc,Kareem Hammond,Accounting,Riverside,Gibraltar
991,Upfropamistor  ,Misti Pugh,Service,Hialeah,Bulgaria
992,Dopwerentor  ,Ramiro Parks,Accounting,Jersey,Tanzania
993,Surcadex  Inc,Jodi Richardson,Service,Chicago,Jersey
994,Barmunor Direct ,Ronnie Matthews,Technical,San Diego,Suriname
995,Cipdudimor WorldWide Company,Levi Rodriguez,Web,Mobile,Mexico
996,Vardimor Holdings Inc,Julie Boone,Accounting,Detroit,Western Sahara
997,Lomfropan Holdings Corp.,Frank Best,Prepaid Customer,Las Vegas,Luxembourg
998,Tupwerentor International Group,Stephan Gardner,Service,Fort Worth,Macao
999,Monnipantor WorldWide ,Betty Mata,Prepaid Customer,Fremont,South Korea
1000,Zeejubimazz WorldWide ,Randy Poole,Prepaid Customer,Chicago,Kenya